-- schema code:
DROP TABLE IF EXISTS Mark;
DROP TABLE IF EXISTS Subject;
DROP TABLE IF EXISTS Student;
DROP TABLE IF EXISTS Staff;
DROP TABLE IF EXISTS Department;

CREATE TABLE Department (
    department_id INT PRIMARY KEY,
    department_name VARCHAR(50),
    department_block_number INT,
    yearly_budget DECIMAL(12,2)
);

CREATE TABLE Staff (
    staff_id INT PRIMARY KEY,
    staff_name VARCHAR(50),
    designation VARCHAR(30),
    salary DECIMAL(10,2),
    hire_date DATE,
    department_id INT,
    FOREIGN KEY (department_id) REFERENCES Department(department_id)
);

CREATE TABLE Student (
    student_id INT PRIMARY KEY,
    student_name VARCHAR(50),
    gender VARCHAR(10),
    city VARCHAR(50),
    admission_year INT,
    department_id INT,
    cgpa DECIMAL(3,2),
    FOREIGN KEY (department_id) REFERENCES Department(department_id)
);

CREATE TABLE Subject (
    subject_id INT PRIMARY KEY,
    subject_name VARCHAR(50),
    subject_code VARCHAR(20),
    semester INT,
    credits INT,
    staff_id INT,
    FOREIGN KEY (staff_id) REFERENCES Staff(staff_id)
);

CREATE TABLE Mark (
    student_id INT,
    subject_id INT,
    exam_type VARCHAR(20),
    marks INT,
    exam_date DATE,
    PRIMARY KEY(student_id, subject_id, exam_type),
    FOREIGN KEY (student_id) REFERENCES Student(student_id),
    FOREIGN KEY (subject_id) REFERENCES Subject(subject_id)
);

INSERT INTO Department VALUES
(1,'Computer Science',101,800000),
(2,'Mechanical',102,600000),
(3,'Electronics',103,550000),
(4,'Civil',104,450000),
(5,'Mathematics',105,300000),
(6,NULL,106,200000),
(7,'Biotechnology',NULL,NULL);

INSERT INTO Staff VALUES
(1,'Alice Johnson','Professor',95000,'2015-06-12',1),
(2,'Bob Smith','Associate Professor',82000,'2017-09-01',1),
(3,'Charlie Brown','Professor',91000,'2014-03-21',2),
(4,'David Lee','Lecturer',55000,'2020-07-15',2),
(5,'Eva Green','Professor',99000,'2013-11-05',3),
(6,'Frank Hall','Lecturer',NULL,'2021-01-12',3),
(7,'Grace Miller','HOD',120000,'2010-02-28',4),
(8,NULL,'Lecturer',50000,'2022-08-18',NULL),
(9,'Henry Ford','Assistant Professor',65000,NULL,5),
(10,'Ivy Clark','Professor',98000,'2012-04-17',NULL);

INSERT INTO Student VALUES
(101,'John Doe','Male','New York',2021,1,8.7),
(102,'Mary Jane','Female','Chicago',2020,1,9.1),
(103,'Steve Rogers','Male','Dallas',2022,2,7.5),
(104,'Natasha Romanoff','Female','Boston',2021,2,8.0),
(105,'Bruce Wayne','Male','Gotham',2019,3,9.5),
(106,'Clark Kent','Male','Metropolis',2020,3,6.9),
(107,'Diana Prince','Female','Washington',2022,4,8.4),
(108,'Peter Parker','Male','Queens',2021,4,NULL),
(109,'Tony Stark','Male','Malibu',2019,1,9.8),
(110,'Wanda Maximoff','Female','Chicago',2022,5,7.2),
(111,'Barry Allen','Male',NULL,2023,5,6.5),
(112,NULL,'Female','Seattle',2023,NULL,NULL),
(113,'Scott Lang','Male','San Francisco',2021,NULL,5.8),
(114,'Jean Grey','Female','New York',2020,6,8.8),
(115,'Logan Howlett','Male','Denver',2022,7,7.7);

INSERT INTO Subject VALUES
(201,'Database Systems','CS301',3,4,1),
(202,'Operating Systems','CS302',3,4,2),
(203,'Machine Design','ME201',4,3,3),
(204,'Thermodynamics','ME202',4,4,4),
(205,'Digital Electronics','EC301',5,4,5),
(206,'Signals and Systems','EC302',5,3,6),
(207,'Structural Engineering','CV401',6,4,7),
(208,'Linear Algebra','MA101',1,3,9),
(209,NULL,'GEN999',2,2,NULL),
(210,'Artificial Intelligence','CS401',6,5,1);

INSERT INTO Mark VALUES
(101,201,'Mid',88,'2024-03-10'),
(101,201,'Final',91,'2024-05-10'),
(101,202,'Mid',75,'2024-03-11'),
(102,201,'Mid',95,'2024-03-10'),
(102,202,'Final',89,'2024-05-11'),
(103,203,'Mid',66,'2024-03-09'),
(103,204,'Final',72,'2024-05-12'),
(104,203,'Final',81,'2024-05-12'),
(105,205,'Mid',98,'2024-03-14'),
(105,206,'Final',94,'2024-05-14'),
(106,205,'Mid',54,'2024-03-14'),
(106,206,'Final',61,'2024-05-14'),
(107,207,'Mid',87,'2024-03-16'),
(108,207,'Final',NULL,'2024-05-16'),
(109,201,'Final',99,'2024-05-10'),
(109,210,'Mid',97,'2024-03-20'),
(110,208,'Mid',71,'2024-03-18'),
(111,208,'Final',65,'2024-05-18'),
(112,209,'Mid',NULL,'2024-03-21'),
(113,210,'Final',44,'2024-05-20'),
(114,208,'Mid',90,'2024-03-18'),
(115,209,'Final',73,'2024-05-22');


-- list all students along with their department names
select s.student_name, d.department_name
from Student s
left join Department d on s.department_id = d.department_id;

-- display all staff members and their department names including staff without departments
select st.staff_name, d.department_name
from Staff st
left join Department d on st.department_id = d.department_id;

-- find all departments that currently have no students assigned
select d.department_name
from Department d
left join Student s on d.department_id = s.department_id
where s.student_id is null;

-- show students who do not have any marks recorded
select s.student_name
from Student s
left join Mark m on s.student_id = m.student_id
where m.student_id is null;

-- display subjects that are not assigned to any staff member
select subject_name, subject_code
from Subject
where staff_id is null;

-- find the average cgpa department-wise
select d.department_name, round(avg(s.cgpa), 2) as avg_cgpa
from Student s
join Department d on s.department_id = d.department_id
group by d.department_id, d.department_name;

-- display departments where the average cgpa is greater than 8.0
select d.department_name, round(avg(s.cgpa), 2) as avg_cgpa
from Student s
join Department d on s.department_id = d.department_id
group by d.department_id, d.department_name
having avg(s.cgpa) > 8.0;

-- find the total number of students in each department
select d.department_name, count(s.student_id) as total_students
from Department d
left join Student s on d.department_id = s.department_id
group by d.department_id, d.department_name;

-- display the highest and lowest marks scored in each subject
select sub.subject_name, max(m.marks) as highest_marks, min(m.marks) as lowest_marks
from Mark m
join Subject sub on m.subject_id = sub.subject_id
group by sub.subject_id, sub.subject_name;

-- find students who scored more than 90 in any exam
select distinct s.student_name, m.marks
from Student s
join Mark m on s.student_id = m.student_id
where m.marks > 90;

-- display the names of students who belong to the computer science department
select s.student_name
from Student s
join Department d on s.department_id = d.department_id
where d.department_name = 'Computer Science';

-- find the number of subjects handled by each staff member
select st.staff_name, count(sub.subject_id) as subject_count
from Staff st
left join Subject sub on st.staff_id = sub.staff_id
group by st.staff_id, st.staff_name;

-- display students along with the total marks they obtained across all subjects
select s.student_name, sum(m.marks) as total_marks
from Student s
left join Mark m on s.student_id = m.student_id
group by s.student_id, s.student_name;

-- find departments with more than 2 staff members
select d.department_name, count(st.staff_id) as staff_count
from Department d
join Staff st on d.department_id = st.department_id
group by d.department_id, d.department_name
having count(st.staff_id) > 2;

-- display students whose cgpa is above the average cgpa
select student_name, cgpa
from Student
where cgpa > (select avg(cgpa) from Student);

-- find staff members earning more than the average salary of their department
select st.staff_name, st.salary, st.department_id
from Staff st
where st.salary > (
    select avg(st2.salary)
    from Staff st2
    where st2.department_id = st.department_id
);

-- display the second highest salary among staff members
select max(salary) as second_highest_salary
from Staff
where salary < (select max(salary) from Staff);

-- find students who scored the highest marks in each subject
select s.student_name, sub.subject_name, m.marks
from Mark m
join Student s on m.student_id = s.student_id
join Subject sub on m.subject_id = sub.subject_id
where m.marks = (
    select max(m2.marks)
    from Mark m2
    where m2.subject_id = m.subject_id
);

-- display all students and their marks including students without marks
select s.student_name, sub.subject_name, m.exam_type, m.marks
from Student s
left join Mark m on s.student_id = m.student_id
left join Subject sub on m.subject_id = sub.subject_id;

-- find subjects where the average marks are below 70
select sub.subject_name, round(avg(m.marks), 2) as avg_marks
from Mark m
join Subject sub on m.subject_id = sub.subject_id
group by sub.subject_id, sub.subject_name
having avg(m.marks) < 70;

-- display students ordered by cgpa in descending order
select student_name, cgpa
from Student
order by cgpa desc;

-- find the total salary expenditure department-wise
select d.department_name, sum(st.salary) as total_salary
from Department d
join Staff st on d.department_id = st.department_id
group by d.department_id, d.department_name;

-- display departments where the total salary exceeds 200000
select d.department_name, sum(st.salary) as total_salary
from Department d
join Staff st on d.department_id = st.department_id
group by d.department_id, d.department_name
having sum(st.salary) > 200000;

-- find students admitted after 2021 and having cgpa above 7.5
select student_name, admission_year, cgpa
from Student
where admission_year > 2021 and cgpa > 7.5;

-- display the number of students admitted each year
select admission_year, count(*) as student_count
from Student
group by admission_year
order by admission_year;